﻿[
	{
    "id": 20,
    "type": "choreo",
    "title": "Cute",
    "unlocked": true,
    "level": 0,
    "appeal": {
      "male": [0.1, 0.11, 0.12, 0.13, 0.14, 0.15, 0.16, 0.17, 0.18, 0.2],
      "hardcore": [0.05, 0.06, 0.07, 0.08, 0.09, 0.1, 0.11, 0.12, 0.13, 0.15],
      "teen": [-0.05, -0.04, -0.04, -0.03, -0.03, -0.02, -0.02, -0.01, -0.01, 0]
    }
  },
  {
    "id": 21,
    "type": "choreo",
    "title": "Cool",
    "unlocked": true,
    "level": 0,
    "appeal": {
      "female": [0.1, 0.11, 0.12, 0.13, 0.14, 0.15, 0.16, 0.17, 0.18, 0.2],
      "hardcore": [0.05, 0.06, 0.07, 0.08, 0.09, 0.1, 0.11, 0.12, 0.13, 0.15],
      "adult": [-0.05, -0.04, -0.04, -0.03, -0.03, -0.02, -0.02, -0.01, -0.01, 0]
    }
  },
  {
    "id": 22,
    "type": "choreo",
    "title": "Sexy",
    "unlocked": true,
    "level": 0,
    "appeal": {
      "male": [0.1, 0.11, 0.12, 0.13, 0.14, 0.15, 0.16, 0.17, 0.18, 0.2],
      "casual": [0.05, 0.06, 0.07, 0.08, 0.09, 0.1, 0.11, 0.12, 0.13, 0.15],
      "adult": [-0.05, -0.04, -0.04, -0.03, -0.03, -0.02, -0.02, -0.01, -0.01, 0]
    }
  },
  {
    "id": 23,
    "type": "choreo",
    "title": "Elegant",
    "unlocked": true,
    "level": 0,
    "appeal": {
      "female": [0.1, 0.11, 0.12, 0.13, 0.14, 0.15, 0.16, 0.17, 0.18, 0.2],
      "casual": [0.05, 0.06, 0.07, 0.08, 0.09, 0.1, 0.11, 0.12, 0.13, 0.15],
      "teen": [-0.05, -0.04, -0.04, -0.03, -0.03, -0.02, -0.02, -0.01, -0.01, 0]
    }
  },
  {
    "id": 24,
    "type": "choreo",
    "title": "Energetic",
    "unlocked": true,
    "level": 0,
    "appeal": {
      "male": [0.05, 0.06, 0.07, 0.08, 0.09, 0.1, 0.11, 0.12, 0.13, 0.15],
      "hardcore": [0.1, 0.11, 0.12, 0.13, 0.14, 0.15, 0.16, 0.17, 0.18, 0.2],
      "adult": [-0.05, -0.04, -0.04, -0.03, -0.03, -0.02, -0.02, -0.01, -0.01, 0]
    }
  },
  {
    "id": 25,
    "type": "choreo",
    "title": "Street",
    "unlocked": true,
    "level": 0,
    "appeal": {
      "female": [0.1, 0.11, 0.12, 0.13, 0.14, 0.15, 0.16, 0.17, 0.18, 0.2],
      "casual": [0.05, 0.06, 0.07, 0.08, 0.09, 0.1, 0.11, 0.12, 0.13, 0.15],
      "adult": [-0.05, -0.04, -0.04, -0.03, -0.03, -0.02, -0.02, -0.01, -0.01, 0]
    }
  },
  {
    "id": 26,
    "type": "choreo",
    "title": "Experimental",
    "unlocked": true,
    "level": 0,
    "appeal": {
      "hardcore": [0.15, 0.17, 0.19, 0.21, 0.23, 0.25, 0.27, 0.29, 0.31, 0.35],
      "casual": [-0.05, -0.04, -0.04, -0.03, -0.03, -0.02, -0.02, -0.01, -0.01, 0]
    }
  }
]