﻿[
	{
    "id": 0,
    "type": "genre",
    "title": "Pop",
    "unlocked": true,
    "trend_points": 5000,
    "level": 0,
    "appeal": {
      "casual": [0.1, 0.11, 0.11, 0.12, 0.12, 0.13, 0.13, 0.14, 0.14, 0.15],
      "teen": [0.05, 0.05, 0.06, 0.06, 0.07, 0.07, 0.08, 0.08, 0.09, 0.1],
      "hardcore": [-0.05, -0.04, -0.04, -0.03, -0.03, -0.02, -0.02, -0.01, -0.01, 0]
    }
  },
  {
    "id": 1,
    "type": "genre",
    "title": "EDM",
    "unlocked": true,
    "trend_points": 3000,
    "level": 0,
    "appeal": {
      "hardcore": [0.05, 0.05, 0.06, 0.06, 0.07, 0.07, 0.08, 0.08, 0.09, 0.1],
      "teen": [0.1, 0.11, 0.11, 0.12, 0.12, 0.13, 0.13, 0.14, 0.14, 0.15],
      "adult": [-0.05, -0.04, -0.04, -0.03, -0.03, -0.02, -0.02, -0.01, -0.01, 0]
    }
  },
  {
    "id": 2,
    "type": "genre",
    "title": "Metal",
    "unlocked": true,
    "level": 0,
    "appeal": {
      "hardcore": [0.1, 0.11, 0.11, 0.12, 0.12, 0.13, 0.13, 0.14, 0.14, 0.15],
      "adult": [0.05, 0.05, 0.06, 0.06, 0.07, 0.07, 0.08, 0.08, 0.09, 0.1],
      "casual": [-0.05, -0.04, -0.04, -0.03, -0.03, -0.02, -0.02, -0.01, -0.01, 0]
    }
  },
  {
    "id": 3,
    "type": "genre",
    "title": "Rock",
    "trend_points": 2000,
    "unlocked": true,
    "level": 0,
    "appeal": {
      "casual": [0.1, 0.11, 0.11, 0.12, 0.12, 0.13, 0.13, 0.14, 0.14, 0.15],
      "adult": [0.05, 0.05, 0.06, 0.06, 0.07, 0.07, 0.08, 0.08, 0.09, 0.1],
      "hardcore": [-0.05, -0.04, -0.04, -0.03, -0.03, -0.02, -0.02, -0.01, -0.01, 0]
    }
  },
  {
    "id": 4,
    "type": "genre",
    "title": "Hip Hop",
    "unlocked": true,
    "level": 0,
    "appeal": {
      "casual": [0.1, 0.11, 0.11, 0.12, 0.12, 0.13, 0.13, 0.14, 0.14, 0.15],
      "youngAdult": [0.05, 0.05, 0.06, 0.06, 0.07, 0.07, 0.08, 0.08, 0.09, 0.1],
      "adult": [-0.05, -0.04, -0.04, -0.03, -0.03, -0.02, -0.02, -0.01, -0.01, 0]
    }
  },
  {
    "id": 5,
    "type": "genre",
    "title": "Funk",
    "unlocked": true,
    "level": 0,
    "appeal": {
      "casual": [0.05, 0.05, 0.06, 0.06, 0.07, 0.07, 0.08, 0.08, 0.09, 0.1],
      "youngAdult": [0.1, 0.11, 0.11, 0.12, 0.12, 0.13, 0.13, 0.14, 0.14, 0.15],
      "teen": [-0.05, -0.04, -0.04, -0.03, -0.03, -0.02, -0.02, -0.01, -0.01, 0]
    }
  },
  {
    "id": 6,
    "type": "genre",
    "title": "R&B",
    "unlocked": true,
    "level": 0,
    "appeal": {
      "casual": [0.05, 0.05, 0.06, 0.06, 0.07, 0.07, 0.08, 0.08, 0.09, 0.1],
      "teen": [0.1, 0.11, 0.11, 0.12, 0.12, 0.13, 0.13, 0.14, 0.14, 0.15],
      "adult": [-0.05, -0.04, -0.04, -0.03, -0.03, -0.02, -0.02, -0.01, -0.01, 0]
    }
  },
  {
    "id": 7,
    "type": "genre",
    "title": "Avant-garde",
    "unlocked": true,
    "level": 0,
    "appeal": {
      "hardcore": [0.1, 0.11, 0.11, 0.12, 0.12, 0.13, 0.13, 0.14, 0.14, 0.15],
      "youngAdult": [0.05, 0.05, 0.06, 0.06, 0.07, 0.07, 0.08, 0.08, 0.09, 0.1],
      "casual": [-0.05, -0.04, -0.04, -0.03, -0.03, -0.02, -0.02, -0.01, -0.01, 0]
    }
  },
  {
    "id": 8,
    "type": "genre",
    "title": "Enka",
    "unlocked": true,
    "level": 0,
    "appeal": {
      "hardcore": [0.05, 0.05, 0.06, 0.06, 0.07, 0.07, 0.08, 0.08, 0.09, 0.1],
      "adult": [0.1, 0.11, 0.11, 0.12, 0.12, 0.13, 0.13, 0.14, 0.14, 0.15],
      "teen": [-0.05, -0.04, -0.04, -0.03, -0.03, -0.02, -0.02, -0.01, -0.01, 0]
    }
  }
]