﻿[
	{
    "id": 10,
    "type": "lyrics",
    "title": "Love",
    "trend_points": 3000,
    "unlocked": true,
    "level": 0,
    "appeal": {
      "female": [0.05, 0.06, 0.07, 0.08, 0.09, 0.1, 0.11, 0.12, 0.13, 0.15],
      "adult": [0.1, 0.12, 0.14, 0.16, 0.18, 0.2, 0.22, 0.24, 0.26, 0.3],
      "hardcore": [-0.05, -0.04, -0.04, -0.03, -0.03, -0.02, -0.02, -0.01, -0.01, 0]
    }
  },
  {
    "id": 11,
    "type": "lyrics",
    "title": "Rebelling",
    "unlocked": true,
    "level": 0,
    "appeal": {
      "female": [0.05, 0.06, 0.07, 0.08, 0.09, 0.1, 0.11, 0.12, 0.13, 0.15],
      "teen": [0.1, 0.12, 0.14, 0.16, 0.18, 0.2, 0.22, 0.24, 0.26, 0.3],
      "hardcore": [-0.05, -0.04, -0.04, -0.03, -0.03, -0.02, -0.02, -0.01, -0.01, 0]
    }
  },
  {
    "id": 12,
    "type": "lyrics",
    "title": "Partying",
    "unlocked": true,
    "level": 0,
    "appeal": {
      "female": [0.05, 0.06, 0.07, 0.08, 0.09, 0.1, 0.11, 0.12, 0.13, 0.15],
      "youngAdult": [0.1, 0.12, 0.14, 0.16, 0.18, 0.2, 0.22, 0.24, 0.26, 0.3],
      "hardcore": [-0.05, -0.04, -0.04, -0.03, -0.03, -0.02, -0.02, -0.01, -0.01, 0]
    }
  },
  {
    "id": 13,
    "type": "lyrics",
    "title": "Loneliness",
    "unlocked": true,
    "level": 0,
    "appeal": {
      "male": [0.05, 0.06, 0.07, 0.08, 0.09, 0.1, 0.11, 0.12, 0.13, 0.15],
      "teen": [0.1, 0.12, 0.14, 0.16, 0.18, 0.2, 0.22, 0.24, 0.26, 0.3],
      "casual": [-0.05, -0.04, -0.04, -0.03, -0.03, -0.02, -0.02, -0.01, -0.01, 0]
    }
  },
  {
    "id": 14,
    "type": "lyrics",
    "title": "Friends",
    "unlocked": true,
    "level": 0,
    "appeal": {
      "female": [0.1, 0.12, 0.14, 0.16, 0.18, 0.2, 0.22, 0.24, 0.26, 0.3],
      "teen": [0.05, 0.06, 0.07, 0.08, 0.09, 0.1, 0.11, 0.12, 0.13, 0.15],
      "hardcore": [-0.05, -0.04, -0.04, -0.03, -0.03, -0.02, -0.02, -0.01, -0.01, 0]
    }
  },
  {
    "id": 15,
    "type": "lyrics",
    "title": "Regret",
    "unlocked": true,
    "level": 0,
    "appeal": {
      "male": [0.05, 0.06, 0.07, 0.08, 0.09, 0.1, 0.11, 0.12, 0.13, 0.15],
      "adult": [0.1, 0.12, 0.14, 0.16, 0.18, 0.2, 0.22, 0.24, 0.26, 0.3],
      "teen": [-0.05, -0.04, -0.04, -0.03, -0.03, -0.02, -0.02, -0.01, -0.01, 0]
    }
  },
  {
    "id": 16,
    "type": "lyrics",
    "title": "Happiness",
    "unlocked": true,
    "level": 0,
    "appeal": {
      "male": [0.05, 0.06, 0.07, 0.08, 0.09, 0.1, 0.11, 0.12, 0.13, 0.15],
      "youngAdult": [0.1, 0.12, 0.14, 0.16, 0.18, 0.2, 0.22, 0.24, 0.26, 0.3],
      "hardcore": [-0.05, -0.04, -0.04, -0.03, -0.03, -0.02, -0.02, -0.01, -0.01, 0]
    }
  },
  {
    "id": 17,
    "type": "lyrics",
    "title": "Politics",
    "unlocked": true,
    "level": 0,
    "appeal": {
      "male": [0.1, 0.12, 0.14, 0.16, 0.18, 0.2, 0.22, 0.24, 0.26, 0.3],
      "adult": [0.05, 0.06, 0.07, 0.08, 0.09, 0.1, 0.11, 0.12, 0.13, 0.15],
      "teen": [-0.05, -0.04, -0.04, -0.03, -0.03, -0.02, -0.02, -0.01, -0.01, 0]
    }
  },
  {
    "id": 18,
    "type": "lyrics",
    "title": "Anxiety",
    "unlocked": true,
    "level": 0,
    "appeal": {
      "female": [0.05, 0.06, 0.07, 0.08, 0.09, 0.1, 0.11, 0.12, 0.13, 0.15],
      "youngAdult": [0.1, 0.12, 0.14, 0.16, 0.18, 0.2, 0.22, 0.24, 0.26, 0.3],
      "casual": [-0.05, -0.04, -0.04, -0.03, -0.03, -0.02, -0.02, -0.01, -0.01, 0]
    }
  }
]