﻿[
	{
		"id": 0,
		"title": "Food",
		"appeal": {
			"female": [0.1, 0.12, 0.14, 0.16, 0.18, 0.2, 0.22, 0.24, 0.26, 0.3],
			"adult": [0.1, 0.12, 0.14, 0.16, 0.18, 0.2, 0.22, 0.24, 0.26, 0.3],
			"casual": [0.1, 0.12, 0.14, 0.16, 0.18, 0.2, 0.22, 0.24, 0.26, 0.3]
		}
	},{
		"id": 1,
		"title": "Anime",
		"appeal": {
			"male": [0.1, 0.12, 0.14, 0.16, 0.18, 0.2, 0.22, 0.24, 0.26, 0.3],
			"teen": [0.1, 0.12, 0.14, 0.16, 0.18, 0.2, 0.22, 0.24, 0.26, 0.3],
			"casual": [0.1, 0.12, 0.14, 0.16, 0.18, 0.2, 0.22, 0.24, 0.26, 0.3]
		}
	},{
		"id": 2,
		"title": "Gaming",
		"appeal": {
			"male": [0.1, 0.12, 0.14, 0.16, 0.18, 0.2, 0.22, 0.24, 0.26, 0.3],
			"teen": [0.1, 0.12, 0.14, 0.16, 0.18, 0.2, 0.22, 0.24, 0.26, 0.3],
			"hardcore": [0.1, 0.12, 0.14, 0.16, 0.18, 0.2, 0.22, 0.24, 0.26, 0.3]
		}
	},{
		"id": 3,
		"title": "Manga",
		"appeal": {
			"female": [0.1, 0.12, 0.14, 0.16, 0.18, 0.2, 0.22, 0.24, 0.26, 0.3],
			"teen": [0.1, 0.12, 0.14, 0.16, 0.18, 0.2, 0.22, 0.24, 0.26, 0.3],
			"hardcore": [0.1, 0.12, 0.14, 0.16, 0.18, 0.2, 0.22, 0.24, 0.26, 0.3]
		}
	},{
		"id": 4,
		"title": "Art",
		"appeal": {
			"female": [0.1, 0.12, 0.14, 0.16, 0.18, 0.2, 0.22, 0.24, 0.26, 0.3],
			"adult": [0.1, 0.12, 0.14, 0.16, 0.18, 0.2, 0.22, 0.24, 0.26, 0.3],
			"hardcore": [0.1, 0.12, 0.14, 0.16, 0.18, 0.2, 0.22, 0.24, 0.26, 0.3]
		}
	},{
		"id": 5,
		"title": "Fashion",
		"appeal": {
			"female": [0.1, 0.12, 0.14, 0.16, 0.18, 0.2, 0.22, 0.24, 0.26, 0.3],
			"teen": [0.1, 0.12, 0.14, 0.16, 0.18, 0.2, 0.22, 0.24, 0.26, 0.3],
			"casual": [0.1, 0.12, 0.14, 0.16, 0.18, 0.2, 0.22, 0.24, 0.26, 0.3]
		}
	},{
		"id": 6,
		"title": "Sports",
		"appeal": {
			"male": [0.1, 0.12, 0.14, 0.16, 0.18, 0.2, 0.22, 0.24, 0.26, 0.3],
			"adult": [0.1, 0.12, 0.14, 0.16, 0.18, 0.2, 0.22, 0.24, 0.26, 0.3],
			"casual": [0.1, 0.12, 0.14, 0.16, 0.18, 0.2, 0.22, 0.24, 0.26, 0.3]
		}
	},{
		"id": 7,
		"title": "Idols",
		"appeal": {
			"male": [0.1, 0.12, 0.14, 0.16, 0.18, 0.2, 0.22, 0.24, 0.26, 0.3],
			"adult": [0.1, 0.12, 0.14, 0.16, 0.18, 0.2, 0.22, 0.24, 0.26, 0.3],
			"hardcore": [0.1, 0.12, 0.14, 0.16, 0.18, 0.2, 0.22, 0.24, 0.26, 0.3]
		}
	}
]